Country,Type,Event,Date.effective,Link,X
Austria,Schools + Universities,placeholder,14.03.2020,,placeholder
Austria,travel_restrictions,placeholder,13.03.2020,,placeholder
Austria,Public events,placeholder,10.03.2020,,placeholder
Austria,sport,placeholder,15.03.2020,,placeholder
Austria,Lockdown,placeholder,16.03.2020,,placeholder
Austria,Self-isolating if ill,placeholder,16.03.2020,,placeholder
Austria,Social distancing encouraged,placeholder,16.03.2020,,placeholder
Belgium,Schools + Universities,placeholder,14.03.2020,,placeholder
Belgium,travel_restrictions,placeholder,19.03.2020,,placeholder
Belgium,Public events,placeholder,12.03.2020,,placeholder
Belgium,sport,placeholder,14.03.2020,,placeholder
Belgium,Lockdown,placeholder,18.03.2020,,placeholder
Belgium,Self-isolating if ill,placeholder,14.03.2020,,placeholder
Belgium,Social distancing encouraged,placeholder,10.03.2020,,placeholder
Denmark,Schools + Universities,placeholder,13.03.2020,,placeholder
Denmark,travel_restrictions,placeholder,13.03.2020,,placeholder
Denmark,Public events,placeholder,12.03.2020,,placeholder
Denmark,sport,placeholder,12.03.2020,,placeholder
Denmark,Lockdown,placeholder,18.03.2020,,placeholder
Denmark,Self-isolating if ill,placeholder,13.03.2020,,placeholder
Denmark,Social distancing encouraged,placeholder,12.03.2020,,placeholder
France,Schools + Universities,placeholder,14.03.2020,,placeholder
France,travel_restrictions,placeholder,17.03.2020,,placeholder
France,Public events,placeholder,13.03.2020,,placeholder
France,sport,placeholder,13.02.2020,,placeholder
France,Lockdown,placeholder,17.03.2020,,placeholder
France,Self-isolating if ill,placeholder,16.03.2020,,placeholder
France,Social distancing encouraged,placeholder,16.03.2020,,placeholder
Germany,Schools + Universities,placeholder,14.03.2020,,placeholder
Germany,travel_restrictions,placeholder,16.03.2020,,placeholder
Germany,Public events,placeholder,22.03.2020,,placeholder
Germany,sport,placeholder,13.03.2020,,placeholder
Germany,Lockdown,placeholder,22.03.2020,,placeholder
Germany,Self-isolating if ill,placeholder,12.03.2020,,placeholder
Germany,Social distancing encouraged,placeholder,6.03.2020,,placeholder
Italy,Schools + Universities,placeholder,5.03.2020,,placeholder
Italy,travel_restrictions,placeholder,9.03.2020,,placeholder
Italy,Public events,placeholder,9.03.2020,,placeholder
Italy,sport,placeholder,9.03.2020,,placeholder
Italy,Lockdown,placeholder,11.03.2020,,placeholder
Italy,Self-isolating if ill,placeholder,9.03.2020,,placeholder
Italy,Social distancing encouraged,placeholder,9.03.2020,,placeholder
Norway,Schools + Universities,placeholder,13.03.2020,,placeholder
Norway,travel_restrictions,placeholder,13.03.2020,,placeholder
Norway,Public events,placeholder,12.03.2020,,placeholder
Norway,sport,placeholder,13.03.2020,,placeholder
Norway,Lockdown,placeholder,24.03.2020,,placeholder
Norway,Self-isolating if ill,placeholder,16.03.2020,,placeholder
Norway,Social distancing encouraged,placeholder,15.03.2020,,placeholder
Spain,Schools + Universities,placeholder,13.03.2020,,placeholder
Spain,travel_restrictions,placeholder,12.03.2020,,placeholder
Spain,Public events,placeholder,14.03.2020,,placeholder
Spain,sport,placeholder,13.03.2020,,placeholder
Spain,Lockdown,placeholder,14.03.2020,,placeholder
Spain,Self-isolating if ill,placeholder,9.03.2020,,placeholder
Spain,Social distancing encouraged,placeholder,17.03.2020,,placeholder
Sweden,Schools + Universities,placeholder,18.03.2020,,placeholder
Sweden,travel_restrictions,placeholder,19.03.2020,,placeholder
Sweden,Public events,placeholder,12.03.2020,,placeholder
Sweden,sport,placeholder,12.03.2020,,placeholder
Sweden,Lockdown,placeholder,21.03.2020,,placeholder
Sweden,Self-isolating if ill,placeholder,16.03.2020,,placeholder
Sweden,Social distancing encouraged,placeholder,10.03.2020,,placeholder
Switzerland,Schools + Universities,placeholder,14.03.2020,,placeholder
Switzerland,travel_restrictions,placeholder,18.03.2020,,placeholder
Switzerland,Public events,placeholder,13.03.2020,,placeholder
Switzerland,sport,placeholder,16.03.2020,,placeholder
Switzerland,Lockdown,placeholder,20.03.2020,,placeholder
Switzerland,Self-isolating if ill,placeholder,16.03.2020,,placeholder
Switzerland,Social distancing encouraged,placeholder,2.03.2020,,placeholder
United_Kingdom,Schools + Universities,placeholder,21.03.2020,,placeholder
United_Kingdom,travel_restrictions,placeholder,24.03.2020,,placeholder
United_Kingdom,Public events,placeholder,24.03.2020,,placeholder
United_Kingdom,sport,placeholder,13.03.2020,,placeholder
United_Kingdom,Lockdown,placeholder,24.03.2020,,placeholder
United_Kingdom,Self-isolating if ill,placeholder,16.03.2020,,placeholder
United_Kingdom,Social distancing encouraged,placeholder,12.03.2020,,placeholder
Alabama,Schools + Universities,placeholder,19.03.2020,https://en.wikipedia.org/wiki/2020_coronavirus_pandemic_in_Alabama,placeholder
Alabama,travel_restrictions,placeholder,4.04.2020,https://en.wikipedia.org/wiki/2020_coronavirus_pandemic_in_Alabama,placeholder
Alabama,Public events,placeholder,16.03.2020,https://en.wikipedia.org/wiki/2020_coronavirus_pandemic_in_Alabama,placeholder
Alabama,sport,placeholder,12.03.2020,https://en.wikipedia.org/wiki/2020_coronavirus_pandemic_in_Alabama,placeholder
Alabama,Lockdown,placeholder,13.04.2020,https://en.wikipedia.org/wiki/2020_coronavirus_pandemic_in_Alabama,placeholder
Alabama,Self-isolating if ill,placeholder,26.03.2020,https://en.wikipedia.org/wiki/2020_coronavirus_pandemic_in_Alabama,placeholder
Alabama,Social distancing encouraged,placeholder,2.03.2020,https://en.wikipedia.org/wiki/2020_coronavirus_pandemic_in_Alabama,placeholder
Alaska,Schools + Universities,placeholder,16.03.2020,https://en.wikipedia.org/wiki/2020_coronavirus_pandemic_in_Alaska,placeholder
Alaska,travel_restrictions,placeholder,28.03.2020,https://en.wikipedia.org/wiki/2020_coronavirus_pandemic_in_Alaska,placeholder
Alaska,Public events,placeholder,13.04.2020,https://en.wikipedia.org/wiki/2020_coronavirus_pandemic_in_Alaska,placeholder
Alaska,sport,placeholder,13.04.2020,https://en.wikipedia.org/wiki/2020_coronavirus_pandemic_in_Alaska,placeholder
Alaska,Lockdown,placeholder,22.03.2020,https://en.wikipedia.org/wiki/2020_coronavirus_pandemic_in_Alaska,placeholder
Alaska,Self-isolating if ill,placeholder,18.03.2020,https://en.wikipedia.org/wiki/2020_coronavirus_pandemic_in_Alaska,placeholder
Alaska,Social distancing encouraged,placeholder,13.04.2020,https://en.wikipedia.org/wiki/2020_coronavirus_pandemic_in_Alaska,placeholder
American Samoa,Schools + Universities,placeholder,23.03.2020,,placeholder
American Samoa,travel_restrictions,placeholder,13.04.2020,,placeholder
American Samoa,Public events,placeholder,13.04.2020,,placeholder
American Samoa,sport,placeholder,13.04.2020,,placeholder
American Samoa,Lockdown,placeholder,13.04.2020,,placeholder
American Samoa,Self-isolating if ill,placeholder,13.04.2020,,placeholder
American Samoa,Social distancing encouraged,placeholder,13.04.2020,,placeholder
Arizona,Schools + Universities,placeholder,16.03.2020,https://en.wikipedia.org/wiki/2020_coronavirus_pandemic_in_Arizona#Government_Response,placeholder
Arizona,travel_restrictions,placeholder,31.03.2020,https://en.wikipedia.org/wiki/2020_coronavirus_pandemic_in_Arizona#Government_Response,placeholder
Arizona,Public events,placeholder,16.03.2020,https://en.wikipedia.org/wiki/2020_coronavirus_pandemic_in_Arizona#Government_Response,placeholder
Arizona,sport,placeholder,12.03.2020,https://en.wikipedia.org/wiki/2020_coronavirus_pandemic_in_Arizona#Government_Response,placeholder
Arizona,Lockdown,placeholder,30.03.2020,https://en.wikipedia.org/wiki/2020_coronavirus_pandemic_in_Arizona#Government_Response,placeholder
Arizona,Self-isolating if ill,placeholder,17.03.2020,https://en.wikipedia.org/wiki/2020_coronavirus_pandemic_in_Arizona#Government_Response,placeholder
Arizona,Social distancing encouraged,placeholder,13.04.2020,https://en.wikipedia.org/wiki/2020_coronavirus_pandemic_in_Arizona#Government_Response,placeholder
Arkansas,Schools + Universities,placeholder,17.03.2020,https://en.wikipedia.org/wiki/2020_coronavirus_pandemic_in_Arkansas#State_government,placeholder
Arkansas,travel_restrictions,placeholder,16.03.2020,https://en.wikipedia.org/wiki/2020_coronavirus_pandemic_in_Arkansas#State_government,placeholder
Arkansas,Public events,placeholder,16.03.2020,https://en.wikipedia.org/wiki/2020_coronavirus_pandemic_in_Arkansas#State_government,placeholder
Arkansas,sport,placeholder,15.03.2020,https://en.wikipedia.org/wiki/2020_coronavirus_pandemic_in_Arkansas#State_government,placeholder
Arkansas,Lockdown,placeholder,13.04.2020,https://en.wikipedia.org/wiki/2020_coronavirus_pandemic_in_Arkansas#State_government,placeholder
Arkansas,Self-isolating if ill,placeholder,19.03.2020,https://en.wikipedia.org/wiki/2020_coronavirus_pandemic_in_Arkansas#State_government,placeholder
Arkansas,Social distancing encouraged,placeholder,13.04.2020,https://en.wikipedia.org/wiki/2020_coronavirus_pandemic_in_Arkansas#State_government,placeholder
California,Schools + Universities,placeholder,19.03.2020,https://en.wikipedia.org/wiki/2020_coronavirus_pandemic_in_California#Government_response,placeholder
California,travel_restrictions,placeholder,19.03.2020,https://en.wikipedia.org/wiki/2020_coronavirus_pandemic_in_California#Government_response,placeholder
California,Public events,placeholder,12.03.2020,https://en.wikipedia.org/wiki/2020_coronavirus_pandemic_in_California#Government_response,placeholder
California,sport,placeholder,11.03.2020,https://en.wikipedia.org/wiki/2020_coronavirus_pandemic_in_California#Government_response,placeholder
California,Lockdown,placeholder,19.03.2020,https://en.wikipedia.org/wiki/2020_coronavirus_pandemic_in_California#Government_response,placeholder
California,Self-isolating if ill,placeholder,17.03.2020,https://en.wikipedia.org/wiki/2020_coronavirus_pandemic_in_California#Government_response,placeholder
California,Social distancing encouraged,placeholder,13.04.2020,https://en.wikipedia.org/wiki/2020_coronavirus_pandemic_in_California#Government_response,placeholder
Colorado,Schools + Universities,placeholder,23.03.2020,https://en.wikipedia.org/wiki/2020_coronavirus_pandemic_in_Colorado#Government_response,placeholder
Colorado,travel_restrictions,placeholder,26.03.2020,https://en.wikipedia.org/wiki/2020_coronavirus_pandemic_in_Colorado#Government_response,placeholder
Colorado,Public events,placeholder,16.03.2020,https://en.wikipedia.org/wiki/2020_coronavirus_pandemic_in_Colorado#Government_response,placeholder
Colorado,sport,placeholder,12.03.2020,https://en.wikipedia.org/wiki/2020_coronavirus_pandemic_in_Colorado#Government_response,placeholder
Colorado,Lockdown,placeholder,25.03.2020,https://en.wikipedia.org/wiki/2020_coronavirus_pandemic_in_Colorado#Government_response,placeholder
Colorado,Self-isolating if ill,placeholder,24.03.2020,https://en.wikipedia.org/wiki/2020_coronavirus_pandemic_in_Colorado#Government_response,placeholder
Colorado,Social distancing encouraged,placeholder,13.04.2020,https://en.wikipedia.org/wiki/2020_coronavirus_pandemic_in_Colorado#Government_response,placeholder
Connecticut,Schools + Universities,placeholder,17.03.2020,https://en.wikipedia.org/wiki/2020_coronavirus_pandemic_in_Connecticut,placeholder
Connecticut,travel_restrictions,placeholder,23.03.2020,https://en.wikipedia.org/wiki/2020_coronavirus_pandemic_in_Connecticut,placeholder
Connecticut,Public events,placeholder,13.04.2020,https://en.wikipedia.org/wiki/2020_coronavirus_pandemic_in_Connecticut,placeholder
Connecticut,sport,placeholder,13.04.2020,https://en.wikipedia.org/wiki/2020_coronavirus_pandemic_in_Connecticut,placeholder
Connecticut,Lockdown,placeholder,13.04.2020,https://en.wikipedia.org/wiki/2020_coronavirus_pandemic_in_Connecticut,placeholder
Connecticut,Self-isolating if ill,placeholder,13.04.2020,https://en.wikipedia.org/wiki/2020_coronavirus_pandemic_in_Connecticut,placeholder
Connecticut,Social distancing encouraged,placeholder,13.04.2020,https://en.wikipedia.org/wiki/2020_coronavirus_pandemic_in_Connecticut,placeholder
Delaware,Schools + Universities,placeholder,16.03.2020,https://en.wikipedia.org/wiki/2020_coronavirus_pandemic_in_Delaware#Government_response,placeholder
Delaware,travel_restrictions,placeholder,24.03.2020,https://en.wikipedia.org/wiki/2020_coronavirus_pandemic_in_Delaware#Government_response,placeholder
Delaware,Public events,placeholder,13.03.2020,https://en.wikipedia.org/wiki/2020_coronavirus_pandemic_in_Delaware#Government_response,placeholder
Delaware,sport,placeholder,12.03.2020,https://en.wikipedia.org/wiki/2020_coronavirus_pandemic_in_Delaware#Government_response,placeholder
Delaware,Lockdown,placeholder,23.03.2020,https://en.wikipedia.org/wiki/2020_coronavirus_pandemic_in_Delaware#Government_response,placeholder
Delaware,Self-isolating if ill,placeholder,23.03.2020,https://en.wikipedia.org/wiki/2020_coronavirus_pandemic_in_Delaware#Government_response,placeholder
Delaware,Social distancing encouraged,placeholder,13.04.2020,https://en.wikipedia.org/wiki/2020_coronavirus_pandemic_in_Delaware#Government_response,placeholder
District of Columbia,Schools + Universities,placeholder,16.03.2020,"https://en.wikipedia.org/wiki/2020_coronavirus_pandemic_in_Washington,_D.C.#Government_response",placeholder
District of Columbia,travel_restrictions,placeholder,30.03.2020,"https://en.wikipedia.org/wiki/2020_coronavirus_pandemic_in_Washington,_D.C.#Government_response",placeholder
District of Columbia,Public events,placeholder,20.03.2020,"https://en.wikipedia.org/wiki/2020_coronavirus_pandemic_in_Washington,_D.C.#Government_response",placeholder
District of Columbia,sport,placeholder,12.03.2020,"https://en.wikipedia.org/wiki/2020_coronavirus_pandemic_in_Washington,_D.C.#Government_response",placeholder
District of Columbia,Lockdown,placeholder,1.04.2020,"https://en.wikipedia.org/wiki/2020_coronavirus_pandemic_in_Washington,_D.C.#Government_response",placeholder
District of Columbia,Self-isolating if ill,placeholder,16.03.2020,"https://en.wikipedia.org/wiki/2020_coronavirus_pandemic_in_Washington,_D.C.#Government_response",placeholder
District of Columbia,Social distancing encouraged,placeholder,13.04.2020,"https://en.wikipedia.org/wiki/2020_coronavirus_pandemic_in_Washington,_D.C.#Government_response",placeholder
Florida,Schools + Universities,placeholder,16.03.2020,https://en.wikipedia.org/wiki/2020_coronavirus_pandemic_in_Florida#Government_response,placeholder
Florida,travel_restrictions,placeholder,3.04.2020,https://en.wikipedia.org/wiki/2020_coronavirus_pandemic_in_Florida#Government_response,placeholder
Florida,Public events,placeholder,1.04.2020,https://en.wikipedia.org/wiki/2020_coronavirus_pandemic_in_Florida#Government_response,placeholder
Florida,sport,placeholder,12.03.2020,https://en.wikipedia.org/wiki/2020_coronavirus_pandemic_in_Florida#Government_response,placeholder
Florida,Lockdown,placeholder,1.04.2020,https://en.wikipedia.org/wiki/2020_coronavirus_pandemic_in_Florida#Government_response,placeholder
Florida,Self-isolating if ill,placeholder,17.03.2020,https://en.wikipedia.org/wiki/2020_coronavirus_pandemic_in_Florida#Government_response,placeholder
Florida,Social distancing encouraged,placeholder,13.04.2020,https://en.wikipedia.org/wiki/2020_coronavirus_pandemic_in_Florida#Government_response,placeholder
Georgia,Schools + Universities,placeholder,18.03.2020,https://en.wikipedia.org/wiki/2020_coronavirus_pandemic_in_Georgia_(U.S._state)#Government_response,placeholder
Georgia,travel_restrictions,placeholder,3.04.2020,https://en.wikipedia.org/wiki/2020_coronavirus_pandemic_in_Georgia_(U.S._state)#Government_response,placeholder
Georgia,Public events,placeholder,23.03.2020,https://en.wikipedia.org/wiki/2020_coronavirus_pandemic_in_Georgia_(U.S._state)#Government_response,placeholder
Georgia,sport,placeholder,12.03.2020,https://en.wikipedia.org/wiki/2020_coronavirus_pandemic_in_Georgia_(U.S._state)#Government_response,placeholder
Georgia,Lockdown,placeholder,8.04.2020,https://en.wikipedia.org/wiki/2020_coronavirus_pandemic_in_Georgia_(U.S._state)#Government_response,placeholder
Georgia,Self-isolating if ill,placeholder,8.04.2020,https://en.wikipedia.org/wiki/2020_coronavirus_pandemic_in_Georgia_(U.S._state)#Government_response,placeholder
Georgia,Social distancing encouraged,placeholder,13.04.2020,https://en.wikipedia.org/wiki/2020_coronavirus_pandemic_in_Georgia_(U.S._state)#Government_response,placeholder
Guam,Schools + Universities,placeholder,16.03.2020,,placeholder
Guam,travel_restrictions,placeholder,13.04.2020,,placeholder
Guam,Public events,placeholder,13.04.2020,,placeholder
Guam,sport,placeholder,13.04.2020,,placeholder
Guam,Lockdown,placeholder,13.04.2020,,placeholder
Guam,Self-isolating if ill,placeholder,13.04.2020,,placeholder
Guam,Social distancing encouraged,placeholder,13.04.2020,,placeholder
Hawaii,Schools + Universities,placeholder,23.03.2020,https://en.wikipedia.org/wiki/2020_coronavirus_pandemic_in_Hawaii,placeholder
Hawaii,travel_restrictions,placeholder,25.03.2020,https://en.wikipedia.org/wiki/2020_coronavirus_pandemic_in_Hawaii,placeholder
Hawaii,Public events,placeholder,23.03.2020,https://en.wikipedia.org/wiki/2020_coronavirus_pandemic_in_Hawaii,placeholder
Hawaii,sport,placeholder,12.03.2020,https://en.wikipedia.org/wiki/2020_coronavirus_pandemic_in_Hawaii,placeholder
Hawaii,Lockdown,placeholder,23.03.2020,https://en.wikipedia.org/wiki/2020_coronavirus_pandemic_in_Hawaii,placeholder
Hawaii,Self-isolating if ill,placeholder,20.03.2020,https://en.wikipedia.org/wiki/2020_coronavirus_pandemic_in_Hawaii,placeholder
Hawaii,Social distancing encouraged,placeholder,13.04.2020,https://en.wikipedia.org/wiki/2020_coronavirus_pandemic_in_Hawaii,placeholder
Idaho,Schools + Universities,placeholder,16.03.2020,https://en.wikipedia.org/wiki/2020_coronavirus_pandemic_in_Idaho#Government_response,placeholder
Idaho,travel_restrictions,placeholder,25.03.2020,https://en.wikipedia.org/wiki/2020_coronavirus_pandemic_in_Idaho#Government_response,placeholder
Idaho,Public events,placeholder,25.03.2020,https://en.wikipedia.org/wiki/2020_coronavirus_pandemic_in_Idaho#Government_response,placeholder
Idaho,sport,placeholder,25.03.2020,https://en.wikipedia.org/wiki/2020_coronavirus_pandemic_in_Idaho#Government_response,placeholder
Idaho,Lockdown,placeholder,25.03.2020,https://en.wikipedia.org/wiki/2020_coronavirus_pandemic_in_Idaho#Government_response,placeholder
Idaho,Self-isolating if ill,placeholder,24.03.2020,https://en.wikipedia.org/wiki/2020_coronavirus_pandemic_in_Idaho#Government_response,placeholder
Idaho,Social distancing encouraged,placeholder,13.04.2020,https://en.wikipedia.org/wiki/2020_coronavirus_pandemic_in_Idaho#Government_response,placeholder
Illinois,Schools + Universities,placeholder,17.03.2020,https://en.wikipedia.org/wiki/2020_coronavirus_pandemic_in_Illinois#Government_response,placeholder
Illinois,travel_restrictions,placeholder,21.03.2020,https://en.wikipedia.org/wiki/2020_coronavirus_pandemic_in_Illinois#Government_response,placeholder
Illinois,Public events,placeholder,15.03.2020,https://en.wikipedia.org/wiki/2020_coronavirus_pandemic_in_Illinois#Government_response,placeholder
Illinois,sport,placeholder,12.03.2020,https://en.wikipedia.org/wiki/2020_coronavirus_pandemic_in_Illinois#Government_response,placeholder
Illinois,Lockdown,placeholder,20.03.2020,https://en.wikipedia.org/wiki/2020_coronavirus_pandemic_in_Illinois#Government_response,placeholder
Illinois,Self-isolating if ill,placeholder,15.03.2020,https://en.wikipedia.org/wiki/2020_coronavirus_pandemic_in_Illinois#Government_response,placeholder
Illinois,Social distancing encouraged,placeholder,13.04.2020,https://en.wikipedia.org/wiki/2020_coronavirus_pandemic_in_Illinois#Government_response,placeholder
Indiana,Schools + Universities,placeholder,19.03.2020,https://en.wikipedia.org/wiki/2020_coronavirus_pandemic_in_Indiana,placeholder
Indiana,travel_restrictions,placeholder,25.03.2020,https://en.wikipedia.org/wiki/2020_coronavirus_pandemic_in_Indiana,placeholder
Indiana,Public events,placeholder,23.03.2020,https://en.wikipedia.org/wiki/2020_coronavirus_pandemic_in_Indiana,placeholder
Indiana,sport,placeholder,12.03.2020,https://en.wikipedia.org/wiki/2020_coronavirus_pandemic_in_Indiana,placeholder
Indiana,Lockdown,placeholder,23.03.2020,https://en.wikipedia.org/wiki/2020_coronavirus_pandemic_in_Indiana,placeholder
Indiana,Self-isolating if ill,placeholder,23.03.2020,https://en.wikipedia.org/wiki/2020_coronavirus_pandemic_in_Indiana,placeholder
Indiana,Social distancing encouraged,placeholder,13.04.2020,https://en.wikipedia.org/wiki/2020_coronavirus_pandemic_in_Indiana,placeholder
Iowa,Schools + Universities,placeholder,16.03.2020,https://en.wikipedia.org/wiki/2020_coronavirus_pandemic_in_Iowa,placeholder
Iowa,travel_restrictions,placeholder,13.04.2020,https://en.wikipedia.org/wiki/2020_coronavirus_pandemic_in_Iowa,placeholder
Iowa,Public events,placeholder,13.04.2020,https://en.wikipedia.org/wiki/2020_coronavirus_pandemic_in_Iowa,placeholder
Iowa,sport,placeholder,13.04.2020,https://en.wikipedia.org/wiki/2020_coronavirus_pandemic_in_Iowa,placeholder
Iowa,Lockdown,placeholder,13.04.2020,https://en.wikipedia.org/wiki/2020_coronavirus_pandemic_in_Iowa,placeholder
Iowa,Self-isolating if ill,placeholder,13.04.2020,https://en.wikipedia.org/wiki/2020_coronavirus_pandemic_in_Iowa,placeholder
Iowa,Social distancing encouraged,placeholder,13.04.2020,https://en.wikipedia.org/wiki/2020_coronavirus_pandemic_in_Iowa,placeholder
Kansas,Schools + Universities,placeholder,18.03.2020,https://en.wikipedia.org/wiki/2020_coronavirus_pandemic_in_Kansas#Government_response,placeholder
Kansas,travel_restrictions,placeholder,30.03.2020,https://en.wikipedia.org/wiki/2020_coronavirus_pandemic_in_Kansas#Government_response,placeholder
Kansas,Public events,placeholder,16.03.2020,https://en.wikipedia.org/wiki/2020_coronavirus_pandemic_in_Kansas#Government_response,placeholder
Kansas,sport,placeholder,12.03.2020,https://en.wikipedia.org/wiki/2020_coronavirus_pandemic_in_Kansas#Government_response,placeholder
Kansas,Lockdown,placeholder,28.03.2020,https://en.wikipedia.org/wiki/2020_coronavirus_pandemic_in_Kansas#Government_response,placeholder
Kansas,Self-isolating if ill,placeholder,16.03.2020,https://en.wikipedia.org/wiki/2020_coronavirus_pandemic_in_Kansas#Government_response,placeholder
Kansas,Social distancing encouraged,placeholder,13.04.2020,https://en.wikipedia.org/wiki/2020_coronavirus_pandemic_in_Kansas#Government_response,placeholder
Kentucky,Schools + Universities,placeholder,16.03.2020,https://en.wikipedia.org/wiki/2020_coronavirus_pandemic_in_Kentucky,placeholder
Kentucky,travel_restrictions,placeholder,26.03.2020,https://en.wikipedia.org/wiki/2020_coronavirus_pandemic_in_Kentucky,placeholder
Kentucky,Public events,placeholder,13.04.2020,https://en.wikipedia.org/wiki/2020_coronavirus_pandemic_in_Kentucky,placeholder
Kentucky,sport,placeholder,16.03.2020,https://en.wikipedia.org/wiki/2020_coronavirus_pandemic_in_Kentucky,placeholder
Kentucky,Lockdown,placeholder,13.04.2020,https://en.wikipedia.org/wiki/2020_coronavirus_pandemic_in_Kentucky,placeholder
Kentucky,Self-isolating if ill,placeholder,16.03.2020,https://en.wikipedia.org/wiki/2020_coronavirus_pandemic_in_Kentucky,placeholder
Kentucky,Social distancing encouraged,placeholder,13.04.2020,https://en.wikipedia.org/wiki/2020_coronavirus_pandemic_in_Kentucky,placeholder
Louisiana,Schools + Universities,placeholder,16.03.2020,https://en.wikipedia.org/wiki/2020_coronavirus_pandemic_in_Louisiana#Government_response,placeholder
Louisiana,travel_restrictions,placeholder,23.03.2020,https://en.wikipedia.org/wiki/2020_coronavirus_pandemic_in_Louisiana#Government_response,placeholder
Louisiana,Public events,placeholder,16.03.2020,https://en.wikipedia.org/wiki/2020_coronavirus_pandemic_in_Louisiana#Government_response,placeholder
Louisiana,sport,placeholder,12.03.2020,https://en.wikipedia.org/wiki/2020_coronavirus_pandemic_in_Louisiana#Government_response,placeholder
Louisiana,Lockdown,placeholder,22.03.2020,https://en.wikipedia.org/wiki/2020_coronavirus_pandemic_in_Louisiana#Government_response,placeholder
Louisiana,Self-isolating if ill,placeholder,15.03.2020,https://en.wikipedia.org/wiki/2020_coronavirus_pandemic_in_Louisiana#Government_response,placeholder
Louisiana,Social distancing encouraged,placeholder,13.04.2020,https://en.wikipedia.org/wiki/2020_coronavirus_pandemic_in_Louisiana#Government_response,placeholder
Maine,Schools + Universities,placeholder,16.03.2020,https://en.wikipedia.org/wiki/2020_coronavirus_pandemic_in_Maine,placeholder
Maine,travel_restrictions,placeholder,2.04.2020,https://en.wikipedia.org/wiki/2020_coronavirus_pandemic_in_Maine,placeholder
Maine,Public events,placeholder,30.03.2020,https://en.wikipedia.org/wiki/2020_coronavirus_pandemic_in_Maine,placeholder
Maine,sport,placeholder,30.03.2020,https://en.wikipedia.org/wiki/2020_coronavirus_pandemic_in_Maine,placeholder
Maine,Lockdown,placeholder,30.03.2020,https://en.wikipedia.org/wiki/2020_coronavirus_pandemic_in_Maine,placeholder
Maine,Self-isolating if ill,placeholder,30.03.2020,https://en.wikipedia.org/wiki/2020_coronavirus_pandemic_in_Maine,placeholder
Maine,Social distancing encouraged,placeholder,13.04.2020,https://en.wikipedia.org/wiki/2020_coronavirus_pandemic_in_Maine,placeholder
Maryland,Schools + Universities,placeholder,16.03.2020,https://en.wikipedia.org/wiki/2020_coronavirus_pandemic_in_Maryland#Impact_on_sports,placeholder
Maryland,travel_restrictions,placeholder,30.03.2020,https://en.wikipedia.org/wiki/2020_coronavirus_pandemic_in_Maryland#Impact_on_sports,placeholder
Maryland,Public events,placeholder,16.03.2020,https://en.wikipedia.org/wiki/2020_coronavirus_pandemic_in_Maryland#Impact_on_sports,placeholder
Maryland,sport,placeholder,12.03.2020,https://en.wikipedia.org/wiki/2020_coronavirus_pandemic_in_Maryland#Impact_on_sports,placeholder
Maryland,Lockdown,placeholder,30.03.2020,https://en.wikipedia.org/wiki/2020_coronavirus_pandemic_in_Maryland#Impact_on_sports,placeholder
Maryland,Self-isolating if ill,placeholder,15.03.2020,https://en.wikipedia.org/wiki/2020_coronavirus_pandemic_in_Maryland#Impact_on_sports,placeholder
Maryland,Social distancing encouraged,placeholder,13.04.2020,https://en.wikipedia.org/wiki/2020_coronavirus_pandemic_in_Maryland#Impact_on_sports,placeholder
Massachusetts,Schools + Universities,placeholder,17.03.2020,https://en.wikipedia.org/wiki/2020_coronavirus_pandemic_in_Massachusetts#Government_response,placeholder
Massachusetts,travel_restrictions,placeholder,24.03.2020,https://en.wikipedia.org/wiki/2020_coronavirus_pandemic_in_Massachusetts#Government_response,placeholder
Massachusetts,Public events,placeholder,15.03.2020,https://en.wikipedia.org/wiki/2020_coronavirus_pandemic_in_Massachusetts#Government_response,placeholder
Massachusetts,sport,placeholder,12.03.2020,https://en.wikipedia.org/wiki/2020_coronavirus_pandemic_in_Massachusetts#Government_response,placeholder
Massachusetts,Lockdown,placeholder,23.03.2020,https://en.wikipedia.org/wiki/2020_coronavirus_pandemic_in_Massachusetts#Government_response,placeholder
Massachusetts,Self-isolating if ill,placeholder,15.03.2020,https://en.wikipedia.org/wiki/2020_coronavirus_pandemic_in_Massachusetts#Government_response,placeholder
Massachusetts,Social distancing encouraged,placeholder,13.04.2020,https://en.wikipedia.org/wiki/2020_coronavirus_pandemic_in_Massachusetts#Government_response,placeholder
Michigan,Schools + Universities,placeholder,16.03.2020,https://en.wikipedia.org/wiki/2020_coronavirus_pandemic_in_Michigan#Government_response,placeholder
Michigan,travel_restrictions,placeholder,24.03.2020,https://en.wikipedia.org/wiki/2020_coronavirus_pandemic_in_Michigan#Government_response,placeholder
Michigan,Public events,placeholder,13.03.2020,https://en.wikipedia.org/wiki/2020_coronavirus_pandemic_in_Michigan#Government_response,placeholder
Michigan,sport,placeholder,12.03.2020,https://en.wikipedia.org/wiki/2020_coronavirus_pandemic_in_Michigan#Government_response,placeholder
Michigan,Lockdown,placeholder,23.03.2020,https://en.wikipedia.org/wiki/2020_coronavirus_pandemic_in_Michigan#Government_response,placeholder
Michigan,Self-isolating if ill,placeholder,16.03.2020,https://en.wikipedia.org/wiki/2020_coronavirus_pandemic_in_Michigan#Government_response,placeholder
Michigan,Social distancing encouraged,placeholder,13.04.2020,https://en.wikipedia.org/wiki/2020_coronavirus_pandemic_in_Michigan#Government_response,placeholder
Minnesota,Schools + Universities,placeholder,18.03.2020,https://en.wikipedia.org/wiki/2020_coronavirus_pandemic_in_Minnesota#Government_response,placeholder
Minnesota,travel_restrictions,placeholder,27.03.2020,https://en.wikipedia.org/wiki/2020_coronavirus_pandemic_in_Minnesota#Government_response,placeholder
Minnesota,Public events,placeholder,14.03.2020,https://en.wikipedia.org/wiki/2020_coronavirus_pandemic_in_Minnesota#Government_response,placeholder
Minnesota,sport,placeholder,12.03.2020,https://en.wikipedia.org/wiki/2020_coronavirus_pandemic_in_Minnesota#Government_response,placeholder
Minnesota,Lockdown,placeholder,25.03.2020,https://en.wikipedia.org/wiki/2020_coronavirus_pandemic_in_Minnesota#Government_response,placeholder
Minnesota,Self-isolating if ill,placeholder,16.03.2020,https://en.wikipedia.org/wiki/2020_coronavirus_pandemic_in_Minnesota#Government_response,placeholder
Minnesota,Social distancing encouraged,placeholder,13.04.2020,https://en.wikipedia.org/wiki/2020_coronavirus_pandemic_in_Minnesota#Government_response,placeholder
Mississippi,Schools + Universities,placeholder,20.03.2020,https://en.wikipedia.org/wiki/2020_coronavirus_pandemic_in_Mississippi,placeholder
Mississippi,travel_restrictions,placeholder,3.04.2020,https://en.wikipedia.org/wiki/2020_coronavirus_pandemic_in_Mississippi,placeholder
Mississippi,Public events,placeholder,1.04.2020,https://en.wikipedia.org/wiki/2020_coronavirus_pandemic_in_Mississippi,placeholder
Mississippi,sport,placeholder,12.03.2020,https://en.wikipedia.org/wiki/2020_coronavirus_pandemic_in_Mississippi,placeholder
Mississippi,Lockdown,placeholder,1.04.2020,https://en.wikipedia.org/wiki/2020_coronavirus_pandemic_in_Mississippi,placeholder
Mississippi,Self-isolating if ill,placeholder,24.03.2020,https://en.wikipedia.org/wiki/2020_coronavirus_pandemic_in_Mississippi,placeholder
Mississippi,Social distancing encouraged,placeholder,13.04.2020,https://en.wikipedia.org/wiki/2020_coronavirus_pandemic_in_Mississippi,placeholder
Missouri,Schools + Universities,placeholder,23.03.2020,https://en.wikipedia.org/wiki/2020_coronavirus_pandemic_in_Missouri,placeholder
Missouri,travel_restrictions,placeholder,6.04.2020,https://en.wikipedia.org/wiki/2020_coronavirus_pandemic_in_Missouri,placeholder
Missouri,Public events,placeholder,6.04.2020,https://en.wikipedia.org/wiki/2020_coronavirus_pandemic_in_Missouri,placeholder
Missouri,sport,placeholder,6.04.2020,https://en.wikipedia.org/wiki/2020_coronavirus_pandemic_in_Missouri,placeholder
Missouri,Lockdown,placeholder,6.04.2020,https://en.wikipedia.org/wiki/2020_coronavirus_pandemic_in_Missouri,placeholder
Missouri,Self-isolating if ill,placeholder,6.04.2020,https://en.wikipedia.org/wiki/2020_coronavirus_pandemic_in_Missouri,placeholder
Missouri,Social distancing encouraged,placeholder,13.04.2020,https://en.wikipedia.org/wiki/2020_coronavirus_pandemic_in_Missouri,placeholder
Montana,Schools + Universities,placeholder,16.03.2020,https://en.wikipedia.org/wiki/2020_coronavirus_pandemic_in_Montana,placeholder
Montana,travel_restrictions,placeholder,28.03.2020,https://en.wikipedia.org/wiki/2020_coronavirus_pandemic_in_Montana,placeholder
Montana,Public events,placeholder,15.03.2020,https://en.wikipedia.org/wiki/2020_coronavirus_pandemic_in_Montana,placeholder
Montana,sport,placeholder,26.03.2020,https://en.wikipedia.org/wiki/2020_coronavirus_pandemic_in_Montana,placeholder
Montana,Lockdown,placeholder,26.03.2020,https://en.wikipedia.org/wiki/2020_coronavirus_pandemic_in_Montana,placeholder
Montana,Self-isolating if ill,placeholder,22.03.2020,https://en.wikipedia.org/wiki/2020_coronavirus_pandemic_in_Montana,placeholder
Montana,Social distancing encouraged,placeholder,13.04.2020,https://en.wikipedia.org/wiki/2020_coronavirus_pandemic_in_Montana,placeholder
Nebraska,Schools + Universities,placeholder,23.03.2020,https://en.wikipedia.org/wiki/2020_coronavirus_pandemic_in_Nebraska,placeholder
Nebraska,travel_restrictions,placeholder,13.04.2020,https://en.wikipedia.org/wiki/2020_coronavirus_pandemic_in_Nebraska,placeholder
Nebraska,Public events,placeholder,1.04.2020,https://en.wikipedia.org/wiki/2020_coronavirus_pandemic_in_Nebraska,placeholder
Nebraska,sport,placeholder,13.04.2020,https://en.wikipedia.org/wiki/2020_coronavirus_pandemic_in_Nebraska,placeholder
Nebraska,Lockdown,placeholder,13.04.2020,https://en.wikipedia.org/wiki/2020_coronavirus_pandemic_in_Nebraska,placeholder
Nebraska,Self-isolating if ill,placeholder,1.04.2020,https://en.wikipedia.org/wiki/2020_coronavirus_pandemic_in_Nebraska,placeholder
Nebraska,Social distancing encouraged,placeholder,13.04.2020,https://en.wikipedia.org/wiki/2020_coronavirus_pandemic_in_Nebraska,placeholder
Nevada,Schools + Universities,placeholder,16.03.2020,https://en.wikipedia.org/wiki/2020_coronavirus_pandemic_in_Nevada,placeholder
Nevada,travel_restrictions,placeholder,1.04.2020,https://en.wikipedia.org/wiki/2020_coronavirus_pandemic_in_Nevada,placeholder
Nevada,Public events,placeholder,13.04.2020,https://en.wikipedia.org/wiki/2020_coronavirus_pandemic_in_Nevada,placeholder
Nevada,sport,placeholder,12.03.2020,https://en.wikipedia.org/wiki/2020_coronavirus_pandemic_in_Nevada,placeholder
Nevada,Lockdown,placeholder,13.04.2020,https://en.wikipedia.org/wiki/2020_coronavirus_pandemic_in_Nevada,placeholder
Nevada,Self-isolating if ill,placeholder,30.03.2020,https://en.wikipedia.org/wiki/2020_coronavirus_pandemic_in_Nevada,placeholder
Nevada,Social distancing encouraged,placeholder,13.04.2020,https://en.wikipedia.org/wiki/2020_coronavirus_pandemic_in_Nevada,placeholder
New Hampshire,Schools + Universities,placeholder,16.03.2020,https://en.wikipedia.org/wiki/2020_coronavirus_pandemic_in_New_Hampshire,placeholder
New Hampshire,travel_restrictions,placeholder,27.03.2020,https://en.wikipedia.org/wiki/2020_coronavirus_pandemic_in_New_Hampshire,placeholder
New Hampshire,Public events,placeholder,16.03.2020,https://en.wikipedia.org/wiki/2020_coronavirus_pandemic_in_New_Hampshire,placeholder
New Hampshire,sport,placeholder,13.04.2020,https://en.wikipedia.org/wiki/2020_coronavirus_pandemic_in_New_Hampshire,placeholder
New Hampshire,Lockdown,placeholder,26.03.2020,https://en.wikipedia.org/wiki/2020_coronavirus_pandemic_in_New_Hampshire,placeholder
New Hampshire,Self-isolating if ill,placeholder,26.03.2020,https://en.wikipedia.org/wiki/2020_coronavirus_pandemic_in_New_Hampshire,placeholder
New Hampshire,Social distancing encouraged,placeholder,13.04.2020,https://en.wikipedia.org/wiki/2020_coronavirus_pandemic_in_New_Hampshire,placeholder
New Jersey,Schools + Universities,placeholder,18.03.2020,https://en.wikipedia.org/wiki/2020_coronavirus_pandemic_in_New_Jersey#Government_response,placeholder
New Jersey,travel_restrictions,placeholder,21.03.2020,https://en.wikipedia.org/wiki/2020_coronavirus_pandemic_in_New_Jersey#Government_response,placeholder
New Jersey,Public events,placeholder,16.03.2020,https://en.wikipedia.org/wiki/2020_coronavirus_pandemic_in_New_Jersey#Government_response,placeholder
New Jersey,sport,placeholder,21.03.2020,https://en.wikipedia.org/wiki/2020_coronavirus_pandemic_in_New_Jersey#Government_response,placeholder
New Jersey,Lockdown,placeholder,21.03.2020,https://en.wikipedia.org/wiki/2020_coronavirus_pandemic_in_New_Jersey#Government_response,placeholder
New Jersey,Self-isolating if ill,placeholder,16.03.2020,https://en.wikipedia.org/wiki/2020_coronavirus_pandemic_in_New_Jersey#Government_response,placeholder
New Jersey,Social distancing encouraged,placeholder,13.04.2020,https://en.wikipedia.org/wiki/2020_coronavirus_pandemic_in_New_Jersey#Government_response,placeholder
New Mexico,Schools + Universities,placeholder,16.03.2020,https://en.wikipedia.org/wiki/2020_coronavirus_pandemic_in_New_Mexico,placeholder
New Mexico,travel_restrictions,placeholder,24.03.2020,https://en.wikipedia.org/wiki/2020_coronavirus_pandemic_in_New_Mexico,placeholder
New Mexico,Public events,placeholder,11.03.2020,https://en.wikipedia.org/wiki/2020_coronavirus_pandemic_in_New_Mexico,placeholder
New Mexico,sport,placeholder,23.03.2020,https://en.wikipedia.org/wiki/2020_coronavirus_pandemic_in_New_Mexico,placeholder
New Mexico,Lockdown,placeholder,23.03.2020,https://en.wikipedia.org/wiki/2020_coronavirus_pandemic_in_New_Mexico,placeholder
New Mexico,Self-isolating if ill,placeholder,24.03.2020,https://en.wikipedia.org/wiki/2020_coronavirus_pandemic_in_New_Mexico,placeholder
New Mexico,Social distancing encouraged,placeholder,13.04.2020,https://en.wikipedia.org/wiki/2020_coronavirus_pandemic_in_New_Mexico,placeholder
New York,Schools + Universities,placeholder,18.03.2020,https://en.wikipedia.org/wiki/2020_coronavirus_pandemic_in_New_York_(state)#Government_response,placeholder
New York,travel_restrictions,placeholder,22.03.2020,https://en.wikipedia.org/wiki/2020_coronavirus_pandemic_in_New_York_(state)#Government_response,placeholder
New York,Public events,placeholder,12.03.2020,https://en.wikipedia.org/wiki/2020_coronavirus_pandemic_in_New_York_(state)#Government_response,placeholder
New York,sport,placeholder,12.03.2020,https://en.wikipedia.org/wiki/2020_coronavirus_pandemic_in_New_York_(state)#Government_response,placeholder
New York,Lockdown,placeholder,22.03.2020,https://en.wikipedia.org/wiki/2020_coronavirus_pandemic_in_New_York_(state)#Government_response,placeholder
New York,Self-isolating if ill,placeholder,17.03.2020,https://en.wikipedia.org/wiki/2020_coronavirus_pandemic_in_New_York_(state)#Government_response,placeholder
New York,Social distancing encouraged,placeholder,13.04.2020,https://en.wikipedia.org/wiki/2020_coronavirus_pandemic_in_New_York_(state)#Government_response,placeholder
North Carolina,Schools + Universities,placeholder,16.03.2020,https://en.wikipedia.org/wiki/2020_coronavirus_pandemic_in_North_Carolina#Government_response,placeholder
North Carolina,travel_restrictions,placeholder,30.03.2020,https://en.wikipedia.org/wiki/2020_coronavirus_pandemic_in_North_Carolina#Government_response,placeholder
North Carolina,Public events,placeholder,14.03.2020,https://en.wikipedia.org/wiki/2020_coronavirus_pandemic_in_North_Carolina#Government_response,placeholder
North Carolina,sport,placeholder,12.03.2020,https://en.wikipedia.org/wiki/2020_coronavirus_pandemic_in_North_Carolina#Government_response,placeholder
North Carolina,Lockdown,placeholder,24.03.2020,https://en.wikipedia.org/wiki/2020_coronavirus_pandemic_in_North_Carolina#Government_response,placeholder
North Carolina,Self-isolating if ill,placeholder,17.03.2020,https://en.wikipedia.org/wiki/2020_coronavirus_pandemic_in_North_Carolina#Government_response,placeholder
North Carolina,Social distancing encouraged,placeholder,13.04.2020,https://en.wikipedia.org/wiki/2020_coronavirus_pandemic_in_North_Carolina#Government_response,placeholder
North Dakota,Schools + Universities,placeholder,16.03.2020,https://en.wikipedia.org/wiki/2020_coronavirus_pandemic_in_North_Dakota,placeholder
North Dakota,travel_restrictions,placeholder,13.04.2020,https://en.wikipedia.org/wiki/2020_coronavirus_pandemic_in_North_Dakota,placeholder
North Dakota,Public events,placeholder,13.04.2020,https://en.wikipedia.org/wiki/2020_coronavirus_pandemic_in_North_Dakota,placeholder
North Dakota,sport,placeholder,13.04.2020,https://en.wikipedia.org/wiki/2020_coronavirus_pandemic_in_North_Dakota,placeholder
North Dakota,Lockdown,placeholder,13.04.2020,https://en.wikipedia.org/wiki/2020_coronavirus_pandemic_in_North_Dakota,placeholder
North Dakota,Self-isolating if ill,placeholder,6.04.2020,https://en.wikipedia.org/wiki/2020_coronavirus_pandemic_in_North_Dakota,placeholder
North Dakota,Social distancing encouraged,placeholder,13.04.2020,https://en.wikipedia.org/wiki/2020_coronavirus_pandemic_in_North_Dakota,placeholder
Northern Marianas ,Schools + Universities,placeholder,17.03.2020,,placeholder
Northern Marianas ,travel_restrictions,placeholder,13.04.2020,,placeholder
Northern Marianas ,Public events,placeholder,13.04.2020,,placeholder
Northern Marianas ,sport,placeholder,13.04.2020,,placeholder
Northern Marianas ,Lockdown,placeholder,13.04.2020,,placeholder
Northern Marianas ,Self-isolating if ill,placeholder,13.04.2020,,placeholder
Northern Marianas ,Social distancing encouraged,placeholder,13.04.2020,,placeholder
Ohio,Schools + Universities,placeholder,17.03.2020,https://en.wikipedia.org/wiki/2020_coronavirus_pandemic_in_Ohio#Government_response,placeholder
Ohio,travel_restrictions,placeholder,23.03.2020,https://en.wikipedia.org/wiki/2020_coronavirus_pandemic_in_Ohio#Government_response,placeholder
Ohio,Public events,placeholder,12.03.2020,https://en.wikipedia.org/wiki/2020_coronavirus_pandemic_in_Ohio#Government_response,placeholder
Ohio,sport,placeholder,12.03.2020,https://en.wikipedia.org/wiki/2020_coronavirus_pandemic_in_Ohio#Government_response,placeholder
Ohio,Lockdown,placeholder,23.03.2020,https://en.wikipedia.org/wiki/2020_coronavirus_pandemic_in_Ohio#Government_response,placeholder
Ohio,Self-isolating if ill,placeholder,15.03.2020,https://en.wikipedia.org/wiki/2020_coronavirus_pandemic_in_Ohio#Government_response,placeholder
Ohio,Social distancing encouraged,placeholder,13.04.2020,https://en.wikipedia.org/wiki/2020_coronavirus_pandemic_in_Ohio#Government_response,placeholder
Oklahoma,Schools + Universities,placeholder,17.03.2020,https://en.wikipedia.org/wiki/2020_coronavirus_pandemic_in_Oklahoma,placeholder
Oklahoma,travel_restrictions,placeholder,2.04.2020,https://en.wikipedia.org/wiki/2020_coronavirus_pandemic_in_Oklahoma,placeholder
Oklahoma,Public events,placeholder,24.03.2020,https://en.wikipedia.org/wiki/2020_coronavirus_pandemic_in_Oklahoma,placeholder
Oklahoma,sport,placeholder,13.04.2020,https://en.wikipedia.org/wiki/2020_coronavirus_pandemic_in_Oklahoma,placeholder
Oklahoma,Lockdown,placeholder,13.04.2020,https://en.wikipedia.org/wiki/2020_coronavirus_pandemic_in_Oklahoma,placeholder
Oklahoma,Self-isolating if ill,placeholder,24.03.2020,https://en.wikipedia.org/wiki/2020_coronavirus_pandemic_in_Oklahoma,placeholder
Oklahoma,Social distancing encouraged,placeholder,24.03.2020,https://en.wikipedia.org/wiki/2020_coronavirus_pandemic_in_Oklahoma,placeholder
Oregon,Schools + Universities,placeholder,16.03.2020,https://en.wikipedia.org/wiki/2020_coronavirus_pandemic_in_Oregon#Government_response,placeholder
Oregon,travel_restrictions,placeholder,23.03.2020,https://en.wikipedia.org/wiki/2020_coronavirus_pandemic_in_Oregon#Government_response,placeholder
Oregon,Public events,placeholder,11.03.2020,https://en.wikipedia.org/wiki/2020_coronavirus_pandemic_in_Oregon#Government_response,placeholder
Oregon,sport,placeholder,13.04.2020,https://en.wikipedia.org/wiki/2020_coronavirus_pandemic_in_Oregon#Government_response,placeholder
Oregon,Lockdown,placeholder,23.03.2020,https://en.wikipedia.org/wiki/2020_coronavirus_pandemic_in_Oregon#Government_response,placeholder
Oregon,Self-isolating if ill,placeholder,23.03.2020,https://en.wikipedia.org/wiki/2020_coronavirus_pandemic_in_Oregon#Government_response,placeholder
Oregon,Social distancing encouraged,placeholder,13.04.2020,https://en.wikipedia.org/wiki/2020_coronavirus_pandemic_in_Oregon#Government_response,placeholder
Pennsylvania,Schools + Universities,placeholder,16.03.2020,https://en.wikipedia.org/wiki/2020_coronavirus_pandemic_in_Pennsylvania#Government_response,placeholder
Pennsylvania,travel_restrictions,placeholder,1.04.2020,https://en.wikipedia.org/wiki/2020_coronavirus_pandemic_in_Pennsylvania#Government_response,placeholder
Pennsylvania,Public events,placeholder,1.04.2020,https://en.wikipedia.org/wiki/2020_coronavirus_pandemic_in_Pennsylvania#Government_response,placeholder
Pennsylvania,sport,placeholder,16.03.2020,https://en.wikipedia.org/wiki/2020_coronavirus_pandemic_in_Pennsylvania#Government_response,placeholder
Pennsylvania,Lockdown,placeholder,1.04.2020,https://en.wikipedia.org/wiki/2020_coronavirus_pandemic_in_Pennsylvania#Government_response,placeholder
Pennsylvania,Self-isolating if ill,placeholder,16.03.2020,https://en.wikipedia.org/wiki/2020_coronavirus_pandemic_in_Pennsylvania#Government_response,placeholder
Pennsylvania,Social distancing encouraged,placeholder,13.04.2020,https://en.wikipedia.org/wiki/2020_coronavirus_pandemic_in_Pennsylvania#Government_response,placeholder
Puerto Rico,Schools + Universities,placeholder,16.03.2020,https://en.wikipedia.org/wiki/2020_coronavirus_pandemic_in_Puerto_Rico#Government_response,placeholder
Puerto Rico,travel_restrictions,placeholder,15.03.2020,https://en.wikipedia.org/wiki/2020_coronavirus_pandemic_in_Puerto_Rico#Government_response,placeholder
Puerto Rico,Public events,placeholder,12.03.2020,https://en.wikipedia.org/wiki/2020_coronavirus_pandemic_in_Puerto_Rico#Government_response,placeholder
Puerto Rico,sport,placeholder,15.03.2020,https://en.wikipedia.org/wiki/2020_coronavirus_pandemic_in_Puerto_Rico#Government_response,placeholder
Puerto Rico,Lockdown,placeholder,15.03.2020,https://en.wikipedia.org/wiki/2020_coronavirus_pandemic_in_Puerto_Rico#Government_response,placeholder
Puerto Rico,Self-isolating if ill,placeholder,15.03.2020,https://en.wikipedia.org/wiki/2020_coronavirus_pandemic_in_Puerto_Rico#Government_response,placeholder
Puerto Rico,Social distancing encouraged,placeholder,13.04.2020,https://en.wikipedia.org/wiki/2020_coronavirus_pandemic_in_Puerto_Rico#Government_response,placeholder
Rhode Island,Schools + Universities,placeholder,23.03.2020,https://en.wikipedia.org/wiki/2020_coronavirus_pandemic_in_Rhode_Island,placeholder
Rhode Island,travel_restrictions,placeholder,28.03.2020,https://en.wikipedia.org/wiki/2020_coronavirus_pandemic_in_Rhode_Island,placeholder
Rhode Island,Public events,placeholder,27.03.2020,https://en.wikipedia.org/wiki/2020_coronavirus_pandemic_in_Rhode_Island,placeholder
Rhode Island,sport,placeholder,28.03.2020,https://en.wikipedia.org/wiki/2020_coronavirus_pandemic_in_Rhode_Island,placeholder
Rhode Island,Lockdown,placeholder,28.03.2020,https://en.wikipedia.org/wiki/2020_coronavirus_pandemic_in_Rhode_Island,placeholder
Rhode Island,Self-isolating if ill,placeholder,16.03.2020,https://en.wikipedia.org/wiki/2020_coronavirus_pandemic_in_Rhode_Island,placeholder
Rhode Island,Social distancing encouraged,placeholder,13.04.2020,https://en.wikipedia.org/wiki/2020_coronavirus_pandemic_in_Rhode_Island,placeholder
South Carolina,Schools + Universities,placeholder,16.03.2020,https://en.wikipedia.org/wiki/2020_coronavirus_pandemic_in_South_Carolina#cite_note-ncaa-70,placeholder
South Carolina,travel_restrictions,placeholder,7.04.2020,https://en.wikipedia.org/wiki/2020_coronavirus_pandemic_in_South_Carolina#cite_note-ncaa-70,placeholder
South Carolina,Public events,placeholder,17.03.2020,https://en.wikipedia.org/wiki/2020_coronavirus_pandemic_in_South_Carolina#cite_note-ncaa-70,placeholder
South Carolina,sport,placeholder,16.03.2020,https://en.wikipedia.org/wiki/2020_coronavirus_pandemic_in_South_Carolina#cite_note-ncaa-70,placeholder
South Carolina,Lockdown,placeholder,7.04.2020,https://en.wikipedia.org/wiki/2020_coronavirus_pandemic_in_South_Carolina#cite_note-ncaa-70,placeholder
South Carolina,Self-isolating if ill,placeholder,17.03.2020,https://en.wikipedia.org/wiki/2020_coronavirus_pandemic_in_South_Carolina#cite_note-ncaa-70,placeholder
South Carolina,Social distancing encouraged,placeholder,13.04.2020,https://en.wikipedia.org/wiki/2020_coronavirus_pandemic_in_South_Carolina#cite_note-ncaa-70,placeholder
South Dakota,Schools + Universities,placeholder,16.03.2020,https://en.wikipedia.org/wiki/2020_coronavirus_pandemic_in_South_Dakota,placeholder
South Dakota,travel_restrictions,placeholder,13.04.2020,https://en.wikipedia.org/wiki/2020_coronavirus_pandemic_in_South_Dakota,placeholder
South Dakota,Public events,placeholder,13.04.2020,https://en.wikipedia.org/wiki/2020_coronavirus_pandemic_in_South_Dakota,placeholder
South Dakota,sport,placeholder,13.04.2020,https://en.wikipedia.org/wiki/2020_coronavirus_pandemic_in_South_Dakota,placeholder
South Dakota,Lockdown,placeholder,13.04.2020,https://en.wikipedia.org/wiki/2020_coronavirus_pandemic_in_South_Dakota,placeholder
South Dakota,Self-isolating if ill,placeholder,13.04.2020,https://en.wikipedia.org/wiki/2020_coronavirus_pandemic_in_South_Dakota,placeholder
South Dakota,Social distancing encouraged,placeholder,13.04.2020,https://en.wikipedia.org/wiki/2020_coronavirus_pandemic_in_South_Dakota,placeholder
Tennessee,Schools + Universities,placeholder,20.03.2020,https://en.wikipedia.org/wiki/2020_coronavirus_pandemic_in_Tennessee#Government_response,placeholder
Tennessee,travel_restrictions,placeholder,2.04.2020,https://en.wikipedia.org/wiki/2020_coronavirus_pandemic_in_Tennessee#Government_response,placeholder
Tennessee,Public events,placeholder,13.04.2020,https://en.wikipedia.org/wiki/2020_coronavirus_pandemic_in_Tennessee#Government_response,placeholder
Tennessee,sport,placeholder,12.03.2020,https://en.wikipedia.org/wiki/2020_coronavirus_pandemic_in_Tennessee#Government_response,placeholder
Tennessee,Lockdown,placeholder,13.04.2020,https://en.wikipedia.org/wiki/2020_coronavirus_pandemic_in_Tennessee#Government_response,placeholder
Tennessee,Self-isolating if ill,placeholder,16.03.2020,https://en.wikipedia.org/wiki/2020_coronavirus_pandemic_in_Tennessee#Government_response,placeholder
Tennessee,Social distancing encouraged,placeholder,13.04.2020,https://en.wikipedia.org/wiki/2020_coronavirus_pandemic_in_Tennessee#Government_response,placeholder
Texas,Schools + Universities,placeholder,23.03.2020,https://en.wikipedia.org/wiki/2020_coronavirus_pandemic_in_Texas#Government_response,placeholder
Texas,travel_restrictions,placeholder,2.04.2020,https://en.wikipedia.org/wiki/2020_coronavirus_pandemic_in_Texas#Government_response,placeholder
Texas,Public events,placeholder,10.03.2020,https://en.wikipedia.org/wiki/2020_coronavirus_pandemic_in_Texas#Government_response,placeholder
Texas,sport,placeholder,12.03.2020,https://en.wikipedia.org/wiki/2020_coronavirus_pandemic_in_Texas#Government_response,placeholder
Texas,Lockdown,placeholder,23.03.2020,https://en.wikipedia.org/wiki/2020_coronavirus_pandemic_in_Texas#Government_response,placeholder
Texas,Self-isolating if ill,placeholder,13.03.2020,https://en.wikipedia.org/wiki/2020_coronavirus_pandemic_in_Texas#Government_response,placeholder
Texas,Social distancing encouraged,placeholder,13.04.2020,https://en.wikipedia.org/wiki/2020_coronavirus_pandemic_in_Texas#Government_response,placeholder
U.S. Virgin Islands ,Schools + Universities,placeholder,18.03.2020,,placeholder
U.S. Virgin Islands ,travel_restrictions,placeholder,25.03.2020,,placeholder
U.S. Virgin Islands ,Public events,placeholder,13.04.2020,,placeholder
U.S. Virgin Islands ,sport,placeholder,13.04.2020,,placeholder
U.S. Virgin Islands ,Lockdown,placeholder,13.04.2020,,placeholder
U.S. Virgin Islands ,Self-isolating if ill,placeholder,13.04.2020,,placeholder
U.S. Virgin Islands ,Social distancing encouraged,placeholder,13.04.2020,,placeholder
Utah,Schools + Universities,placeholder,16.03.2020,https://en.wikipedia.org/wiki/2020_coronavirus_pandemic_in_Utah#Government_response,placeholder
Utah,travel_restrictions,placeholder,13.04.2020,https://en.wikipedia.org/wiki/2020_coronavirus_pandemic_in_Utah#Government_response,placeholder
Utah,Public events,placeholder,12.03.2020,https://en.wikipedia.org/wiki/2020_coronavirus_pandemic_in_Utah#Government_response,placeholder
Utah,sport,placeholder,12.03.2020,https://en.wikipedia.org/wiki/2020_coronavirus_pandemic_in_Utah#Government_response,placeholder
Utah,Lockdown,placeholder,27.03.2020,https://en.wikipedia.org/wiki/2020_coronavirus_pandemic_in_Utah#Government_response,placeholder
Utah,Self-isolating if ill,placeholder,17.03.2020,https://en.wikipedia.org/wiki/2020_coronavirus_pandemic_in_Utah#Government_response,placeholder
Utah,Social distancing encouraged,placeholder,13.04.2020,https://en.wikipedia.org/wiki/2020_coronavirus_pandemic_in_Utah#Government_response,placeholder
Vermont,Schools + Universities,placeholder,18.03.2020,https://en.wikipedia.org/wiki/2020_coronavirus_pandemic_in_Vermont#Government_response,placeholder
Vermont,travel_restrictions,placeholder,25.03.2020,https://en.wikipedia.org/wiki/2020_coronavirus_pandemic_in_Vermont#Government_response,placeholder
Vermont,Public events,placeholder,13.03.2020,https://en.wikipedia.org/wiki/2020_coronavirus_pandemic_in_Vermont#Government_response,placeholder
Vermont,sport,placeholder,13.04.2020,https://en.wikipedia.org/wiki/2020_coronavirus_pandemic_in_Vermont#Government_response,placeholder
Vermont,Lockdown,placeholder,24.03.2020,https://en.wikipedia.org/wiki/2020_coronavirus_pandemic_in_Vermont#Government_response,placeholder
Vermont,Self-isolating if ill,placeholder,17.03.2020,https://en.wikipedia.org/wiki/2020_coronavirus_pandemic_in_Vermont#Government_response,placeholder
Vermont,Social distancing encouraged,placeholder,13.04.2020,https://en.wikipedia.org/wiki/2020_coronavirus_pandemic_in_Vermont#Government_response,placeholder
Virginia,Schools + Universities,placeholder,16.03.2020,https://en.wikipedia.org/wiki/2020_coronavirus_pandemic_in_Virginia#Government_response,placeholder
Virginia,travel_restrictions,placeholder,30.03.2020,https://en.wikipedia.org/wiki/2020_coronavirus_pandemic_in_Virginia#Government_response,placeholder
Virginia,Public events,placeholder,17.03.2020,https://en.wikipedia.org/wiki/2020_coronavirus_pandemic_in_Virginia#Government_response,placeholder
Virginia,sport,placeholder,12.03.2020,https://en.wikipedia.org/wiki/2020_coronavirus_pandemic_in_Virginia#Government_response,placeholder
Virginia,Lockdown,placeholder,30.03.2020,https://en.wikipedia.org/wiki/2020_coronavirus_pandemic_in_Virginia#Government_response,placeholder
Virginia,Self-isolating if ill,placeholder,23.03.2020,https://en.wikipedia.org/wiki/2020_coronavirus_pandemic_in_Virginia#Government_response,placeholder
Virginia,Social distancing encouraged,placeholder,13.04.2020,https://en.wikipedia.org/wiki/2020_coronavirus_pandemic_in_Virginia#Government_response,placeholder
Washington,Schools + Universities,placeholder,17.03.2020,https://en.wikipedia.org/wiki/2020_coronavirus_pandemic_in_Washington_(state)#Government_response,placeholder
Washington,travel_restrictions,placeholder,23.03.2020,https://en.wikipedia.org/wiki/2020_coronavirus_pandemic_in_Washington_(state)#Government_response,placeholder
Washington,Public events,placeholder,15.03.2020,https://en.wikipedia.org/wiki/2020_coronavirus_pandemic_in_Washington_(state)#Government_response,placeholder
Washington,sport,placeholder,12.03.2020,https://en.wikipedia.org/wiki/2020_coronavirus_pandemic_in_Washington_(state)#Government_response,placeholder
Washington,Lockdown,placeholder,23.03.2020,https://en.wikipedia.org/wiki/2020_coronavirus_pandemic_in_Washington_(state)#Government_response,placeholder
Washington,Self-isolating if ill,placeholder,15.03.2020,https://en.wikipedia.org/wiki/2020_coronavirus_pandemic_in_Washington_(state)#Government_response,placeholder
Washington,Social distancing encouraged,placeholder,13.04.2020,https://en.wikipedia.org/wiki/2020_coronavirus_pandemic_in_Washington_(state)#Government_response,placeholder
West Virginia,Schools + Universities,placeholder,16.03.2020,https://en.wikipedia.org/wiki/2020_coronavirus_pandemic_in_West_Virginia#Government_responses,placeholder
West Virginia,travel_restrictions,placeholder,23.03.2020,https://en.wikipedia.org/wiki/2020_coronavirus_pandemic_in_West_Virginia#Government_responses,placeholder
West Virginia,Public events,placeholder,24.03.2020,https://en.wikipedia.org/wiki/2020_coronavirus_pandemic_in_West_Virginia#Government_responses,placeholder
West Virginia,sport,placeholder,12.03.2020,https://en.wikipedia.org/wiki/2020_coronavirus_pandemic_in_West_Virginia#Government_responses,placeholder
West Virginia,Lockdown,placeholder,24.03.2020,https://en.wikipedia.org/wiki/2020_coronavirus_pandemic_in_West_Virginia#Government_responses,placeholder
West Virginia,Self-isolating if ill,placeholder,17.03.2020,https://en.wikipedia.org/wiki/2020_coronavirus_pandemic_in_West_Virginia#Government_responses,placeholder
West Virginia,Social distancing encouraged,placeholder,13.04.2020,https://en.wikipedia.org/wiki/2020_coronavirus_pandemic_in_West_Virginia#Government_responses,placeholder
Wisconsin,Schools + Universities,placeholder,18.03.2020,https://en.wikipedia.org/wiki/2020_coronavirus_pandemic_in_Wisconsin#Government_response,placeholder
Wisconsin,travel_restrictions,placeholder,25.03.2020,https://en.wikipedia.org/wiki/2020_coronavirus_pandemic_in_Wisconsin#Government_response,placeholder
Wisconsin,Public events,placeholder,19.03.2020,https://en.wikipedia.org/wiki/2020_coronavirus_pandemic_in_Wisconsin#Government_response,placeholder
Wisconsin,sport,placeholder,16.03.2020,https://en.wikipedia.org/wiki/2020_coronavirus_pandemic_in_Wisconsin#Government_response,placeholder
Wisconsin,Lockdown,placeholder,13.04.2020,https://en.wikipedia.org/wiki/2020_coronavirus_pandemic_in_Wisconsin#Government_response,placeholder
Wisconsin,Self-isolating if ill,placeholder,19.03.2020,https://en.wikipedia.org/wiki/2020_coronavirus_pandemic_in_Wisconsin#Government_response,placeholder
Wisconsin,Social distancing encouraged,placeholder,13.04.2020,https://en.wikipedia.org/wiki/2020_coronavirus_pandemic_in_Wisconsin#Government_response,placeholder
Wyoming,Schools + Universities,placeholder,16.03.2020,https://en.wikipedia.org/wiki/2020_coronavirus_pandemic_in_Wyoming#Impact_on_sports,placeholder
Wyoming,travel_restrictions,placeholder,13.04.2020,https://en.wikipedia.org/wiki/2020_coronavirus_pandemic_in_Wyoming#Impact_on_sports,placeholder
Wyoming,Public events,placeholder,13.04.2020,https://en.wikipedia.org/wiki/2020_coronavirus_pandemic_in_Wyoming#Impact_on_sports,placeholder
Wyoming,sport,placeholder,12.03.2020,https://en.wikipedia.org/wiki/2020_coronavirus_pandemic_in_Wyoming#Impact_on_sports,placeholder
Wyoming,Lockdown,placeholder,13.04.2020,https://en.wikipedia.org/wiki/2020_coronavirus_pandemic_in_Wyoming#Impact_on_sports,placeholder
Wyoming,Self-isolating if ill,placeholder,13.04.2020,https://en.wikipedia.org/wiki/2020_coronavirus_pandemic_in_Wyoming#Impact_on_sports,placeholder
Wyoming,Social distancing encouraged,placeholder,13.04.2020,https://en.wikipedia.org/wiki/2020_coronavirus_pandemic_in_Wyoming#Impact_on_sports,placeholder
